,0,1,accuracy,macro avg,weighted avg
precision,0.7224752630752317,0.6705863988761122,0.6912652959033581,0.6965308309756719,0.6958073781230225
recall,0.5923636597772197,0.7848008768724881,0.6912652959033581,0.6885822683248539,0.6912652959033581
f1-score,0.6509817795860605,0.7232120310877921,0.6912652959033581,0.6870969053369262,0.6881039649884152
support,15531.0,16422.0,0.6912652959033581,31953.0,31953.0
